{"cameraMode":{"drawMode":0,"name":"Shaded","section":"Shading Mode"},"sceneLighting":false,"audioPlay":false,"sceneViewState":{"showFog":true,"showMaterialUpdate":false,"showSkybox":false,"showFlares":true,"showImageEffects":true,"showParticleSystems":true},"in2DMode":false,"pivot":{"x":-0.015945659950375558,"y":0.038431402295827869,"z":-0.2564086318016052},"rotation":{"x":-0.0647304430603981,"y":-0.03232833743095398,"z":0.002098240191116929,"w":-0.9973791241645813},"size":0.32857900857925417,"orthographic":false}