{"cameraMode":{"drawMode":0,"name":"Shaded","section":"Shading Mode"},"sceneLighting":true,"audioPlay":false,"sceneViewState":{"showFog":true,"showMaterialUpdate":false,"showSkybox":true,"showFlares":true,"showImageEffects":true,"showParticleSystems":true},"in2DMode":false,"pivot":{"x":28.011611938476564,"y":-129.2793426513672,"z":4.190589904785156},"rotation":{"x":-0.033929962664842609,"y":0.12112510204315186,"z":0.004161946941167116,"w":0.9920677542686462},"size":54.810997009277347,"orthographic":false}