{"cameraMode":{"drawMode":0,"name":"Shaded","section":"Shading Mode"},"sceneLighting":false,"audioPlay":false,"sceneViewState":{"showFog":true,"showMaterialUpdate":false,"showSkybox":false,"showFlares":true,"showImageEffects":true,"showParticleSystems":true},"in2DMode":false,"pivot":{"x":0.03628818318247795,"y":0.015609419904649258,"z":-0.04152403771877289},"rotation":{"x":0.0767759457230568,"y":-0.3440888822078705,"z":0.028242500498890878,"w":0.93536776304245},"size":0.040416598320007327,"orthographic":false}